,player_name,position,team,points_this_week,predicted_points,value,GW
0,Mark Flekken,GK,Brentford,6,5.562430506596361,4.5,10
1,Ederson Santana de Moraes,GK,Man City,7,5.257736930242091,5.5,10
2,Alisson Ramses Becker,GK,Liverpool,7,5.087811419911128,5.5,10
3,Jordan Pickford,GK,Everton,5,5.0177639230061715,4.4,10
4,David Raya Martin,GK,Arsenal,6,4.942408137288026,4.8,10
5,Alphonse Areola,GK,West Ham,3,3.577333701403668,4.2,10
6,Guglielmo Vicario,GK,Spurs,3,3.4241020143000296,5.2,10
7,Bernd Leno,GK,Fulham,3,2.6184299540372216,4.7,10
8,Nick Pope,GK,Newcastle,2,2.6056564660955877,5.5,10
9,Robert Sánchez,GK,Chelsea,2,2.3715564539956784,4.6,10
10,André Onana,GK,Man Utd,2,2.0055776626554915,4.8,10
11,James Trafford,GK,Burnley,2,1.9419360553712255,4.5,10
12,Thomas Kaminski,GK,Luton,2,1.6558672415644824,4.5,10
13,Matt Turner,GK,Nott'm Forest,2,1.603141743963887,4.1,10
14,Sam Johnstone,GK,Crystal Palace,1,1.274844929901519,4.5,10
15,José Malheiro de Sá,GK,Wolves,1,0.9640539865907476,5.0,10
16,Bart Verbruggen,GK,Brighton,0,0.8243823396742359,4.4,10
17,Wes Foderingham,GK,Sheffield Utd,0,0.6972524193004074,4.5,10
18,Jason Steele,GK,Brighton,3,0.6446886959261154,4.3,10
19,Aaron Ramsdale,GK,Arsenal,0,0.627243231385624,4.8,10
20,Mark Gillespie,GK,Newcastle,0,0.4572825676964475,3.9,10
21,Tom Heaton,GK,Man Utd,0,0.393348547329819,4.0,10
22,Jordan Amissah,GK,Sheffield Utd,0,0.3866501003862677,3.9,10
23,Loris Karius,GK,Newcastle,0,0.3835793520334202,3.9,10
24,Stefan Ortega Moreno,GK,Man City,0,0.3473924096890975,3.9,10
25,Norberto Murara Neto,GK,Bournemouth,0,0.3175507386084186,4.5,10
26,João Neves Virgínia,GK,Everton,0,0.3098245042548623,3.9,10
27,Odysseas Vlachodimos,GK,Nott'm Forest,0,0.2525041424230604,4.5,10
28,Martin Dubravka,GK,Newcastle,0,0.2500324404498765,3.9,10
29,Emiliano Martínez Romero,GK,Aston Villa,0,0.2418640067752926,4.9,10
30,Thomas Strakosha,GK,Brentford,0,0.2041078989964997,3.9,10
31,Fraser Forster,GK,Spurs,0,0.1982360643250371,3.9,10
32,Altay Bayindir,GK,Man Utd,0,0.1872740855191653,4.0,10
33,Ionuț Radu,GK,Bournemouth,3,0.180442574611163,4.4,10
34,Djordje Petrovic,GK,Chelsea,0,0.1646373990498791,4.5,10
35,Dean Henderson,GK,Crystal Palace,0,0.1270405794941734,4.5,10
36,Tim Krul,GK,Luton,0,0.1235272587744282,4.5,10
37,Lukasz Fabianski,GK,West Ham,0,0.0961632686630405,4.3,10
38,Radek Vítek,GK,Man Utd,0,0.0778861484166814,4.0,10
39,Scott Carson,GK,Man City,0,0.0729655953221854,3.9,10
40,Ethan Horvath,GK,Nott'm Forest,0,0.0628367480165358,4.4,10
41,Andy Lonergan,GK,Everton,0,0.0618351220795727,4.0,10
42,Oliwier Zych,GK,Aston Villa,0,0.055327817683919,4.0,10
43,Darren Randolph,GK,Bournemouth,0,0.0451108730783004,4.0,10
44,Arijanet Muric,GK,Burnley,0,0.0291279435316118,4.3,10
45,Adam Davies,GK,Sheffield Utd,0,0.0272143227975904,4.0,10
46,James Shea,GK,Luton,0,0.0230072168355488,4.4,10
47,Hugo Lloris,GK,Spurs,0,0.0211336475673031,4.8,10
48,Filip Marschall,GK,Aston Villa,0,0.0209422030686426,4.0,10
49,Daniel Bentley,GK,Wolves,0,0.0178476941710521,3.9,10
50,Kepa Arrizabalaga,GK,Chelsea,0,0.0111442756014084,5.0,10
51,Bailey Peacock-Farrell,GK,Burnley,0,0.0060947226468571,4.0,10
52,Zack Steffen,GK,Man City,0,0.0052108775584038,3.9,10
53,Rúnar Alex Rúnarsson,GK,Arsenal,0,0.0033363517093193,4.0,10
54,Eddie Beach,GK,Chelsea,0,0.0029985524792426,4.0,10
55,Matija Šarkić,GK,Wolves,0,0.0026019415904509,4.0,10
56,Wayne Hennessey,GK,Nott'm Forest,0,0.000475460249486,4.0,10
57,Lawrence Vigouroux,GK,Burnley,0,0.000475460249486,4.0,10
58,Remi Matthews,GK,Crystal Palace,0,0.000475460249486,4.0,10
59,George Shelvey,GK,Nott'm Forest,0,0.000475460249486,4.0,10
60,Marcus Bettinelli,GK,Chelsea,0,-0.0032276779929923,4.0,10
61,Karl Darlow,GK,Newcastle,0,-0.0032276779929923,4.0,10
62,Jack Walton,GK,Luton,0,-0.0032276779929923,4.0,10
63,Matthew Cox,GK,Brentford,0,-0.0032276779929923,4.0,10
64,Mark Travers,GK,Bournemouth,0,-0.0032276779929923,4.0,10
65,Viljami Sinisalo,GK,Aston Villa,0,-0.0032276779929923,4.0,10
66,Gabriel Słonina,GK,Chelsea,0,-0.0032276779929923,4.0,10
67,Brandon Austin,GK,Spurs,0,-0.005540787981739,3.9,10
68,Kjell Scherpen,GK,Brighton,0,-0.0083682350355315,4.0,10
69,Alfie Whiteman,GK,Spurs,0,-0.0088469403903634,3.9,10
70,Ellery Balcombe,GK,Brentford,0,-0.0088469403903634,4.0,10
71,Lucas Bergström,GK,Chelsea,0,-0.0106813450242781,4.0,10
72,Marek Rodák,GK,Fulham,0,-0.0119093670716773,3.9,10
73,Adrián San Miguel del Castillo,GK,Liverpool,0,-0.0123062696628318,4.0,10
74,Caoimhin Kelleher,GK,Liverpool,0,-0.0123062696628318,3.9,10
75,Tom King,GK,Wolves,0,-0.0135393182428043,4.0,10
76,Robin Olsen,GK,Aston Villa,0,-0.0192892198938192,4.0,10
77,Karl Hein,GK,Arsenal,0,-0.0209208956312043,4.0,10
78,Steven Benda,GK,Fulham,0,-0.0209208956312043,4.0,10
79,Joseph Anang,GK,West Ham,0,-0.027484925333516,4.0,10
80,Matt Macey,GK,Luton,0,-0.0313552674689032,4.0,10
81,Denis Franchi,GK,Burnley,0,-0.0350554106517001,3.9,10
82,Vicente Guaita,GK,Crystal Palace,0,-0.0351185630735706,4.4,10
83,Tom McGill,GK,Brighton,0,-0.036636839266295,3.9,10
84,Joe Whitworth,GK,Crystal Palace,0,-0.0929730712495751,4.0,10
85,Ethan Pinnock,DEF,Brentford,15,9.383794547072975,4.5,10
86,Oleksandr Zinchenko,DEF,Arsenal,8,6.812010044987034,4.9,10
87,William Saliba,DEF,Arsenal,7,6.797302744145403,5.2,10
88,Benjamin White,DEF,Arsenal,6,5.26442088809712,5.6,10
89,James Tarkowski,DEF,Everton,6,4.880003652362142,4.5,10
90,Trent Alexander-Arnold,DEF,Liverpool,5,4.606136174105889,7.9,10
91,Takehiro Tomiyasu,DEF,Arsenal,7,4.532496154664484,4.5,10
92,Nathan Collins,DEF,Brentford,6,4.483656265267224,4.5,10
93,Konstantinos Tsimikas,DEF,Liverpool,6,4.464970269029325,4.5,10
94,Jarrad Branthwaite,DEF,Everton,8,4.326306735898929,4.0,10
95,Ibrahima Konaté,DEF,Liverpool,6,4.245832316807476,4.9,10
96,Matty Cash,DEF,Aston Villa,5,3.9821772398668855,5.1,10
97,Rúben Gato Alves Dias,DEF,Man City,6,3.798471202287169,5.5,10
98,Fabian Schär,DEF,Newcastle,5,3.737258114833489,5.2,10
99,Mads Roerslev Rasmussen,DEF,Brentford,6,3.5103604211798025,4.4,10
100,Vladimír Coufal,DEF,West Ham,2,3.298492938143676,4.6,10
101,Cristian Romero,DEF,Spurs,4,3.22365259643519,4.9,10
102,Joško Gvardiol,DEF,Man City,6,2.986189879419374,5.0,10
103,Joachim Andersen,DEF,Crystal Palace,3,2.985580434153461,4.9,10
104,Toti António Gomes,DEF,Wolves,4,2.884078100124108,4.4,10
105,Diogo Dalot Teixeira,DEF,Man Utd,1,2.845497629494121,4.9,10
106,Illia Zabarnyi,DEF,Bournemouth,2,2.784253959488237,4.5,10
107,Aaron Hickey,DEF,Brentford,6,2.7588971942978335,4.5,10
108,Pau Torres,DEF,Aston Villa,2,2.7389469747518316,4.5,10
109,Kieran Trippier,DEF,Newcastle,0,2.6815764629787764,7.0,10
110,Milos Kerkez,DEF,Bournemouth,1,2.565240209407653,4.5,10
111,Lucas Digne,DEF,Aston Villa,2,2.5106742979055947,4.7,10
112,Marc Cucurella Saseta,DEF,Chelsea,2,2.4816538126369343,4.8,10
113,Dara O'Shea,DEF,Burnley,5,2.474815534392469,4.4,10
114,Kyle Walker,DEF,Man City,8,2.4599156863985976,5.3,10
115,Virgil van Dijk,DEF,Liverpool,8,2.3174488806295503,6.0,10
116,Matt Doherty,DEF,Wolves,0,2.312828129226163,4.3,10
117,Max Kilman,DEF,Wolves,1,2.235964290300899,4.5,10
118,Thiago Emiliano da Silva,DEF,Chelsea,1,2.1733645446475847,5.0,10
119,Kristoffer Ajer,DEF,Brentford,7,2.1584581552996136,4.5,10
120,Ezri Konsa Ngoyo,DEF,Aston Villa,2,2.1520740355831727,4.5,10
121,Antonee Robinson,DEF,Fulham,1,2.142702800395395,4.5,10
122,Lloyd Kelly,DEF,Bournemouth,2,2.1223042072843756,4.5,10
123,Timothy Castagne,DEF,Fulham,2,2.114621884130173,4.5,10
124,Pedro Porro,DEF,Spurs,2,2.097140951836306,5.2,10
125,John Stones,DEF,Man City,6,2.0841720085356688,5.3,10
126,Rayan Aït-Nouri,DEF,Wolves,0,2.073149971631837,4.5,10
127,Gabriel dos Santos Magalhães,DEF,Arsenal,0,2.054044402686508,4.7,10
128,Igor Julio dos Santos de Paulo,DEF,Brighton,2,2.043200266100437,4.3,10
129,Nathan Patterson,DEF,Everton,6,2.0355129603982767,4.4,10
130,Tyrick Mitchell,DEF,Crystal Palace,1,1.988215673092962,4.5,10
131,Jan Paul van Hecke,DEF,Brighton,0,1.9632089848786352,4.0,10
132,Micky van de Ven,DEF,Spurs,2,1.9360346099193673,4.6,10
133,Vitalii Mykolenko,DEF,Everton,8,1.880770444705006,4.3,10
134,Joel Matip,DEF,Liverpool,0,1.8790533396116584,4.9,10
135,Murillo Santiago Costa dos Santos,DEF,Nott'm Forest,1,1.8601512722340787,4.5,10
136,Tim Ream,DEF,Fulham,2,1.8299076718151557,4.5,10
137,Joël Veltman,DEF,Brighton,1,1.8129891423513311,4.4,10
138,Max Aarons,DEF,Bournemouth,2,1.7789677857609227,4.5,10
139,Nathan Aké,DEF,Man City,0,1.7758922204517222,5.1,10
140,Charlie Taylor,DEF,Burnley,6,1.7484605961079256,3.9,10
141,Joe Gomez,DEF,Liverpool,1,1.721424654801861,4.5,10
142,Jamaal Lascelles,DEF,Newcastle,0,1.6799030281083702,4.0,10
143,Kurt Zouma,DEF,West Ham,2,1.622090860029331,4.5,10
144,Calvin Bassey,DEF,Fulham,2,1.6110702360979714,4.4,10
145,Lewis Dunk,DEF,Brighton,2,1.607314507154758,5.0,10
146,Tom Lockyer,DEF,Luton,-1,1.5129621205454309,4.3,10
147,Andrew Robertson,DEF,Liverpool,0,1.4789956106067548,6.5,10
148,Harry Maguire,DEF,Man Utd,1,1.3653539067102671,4.2,10
149,Victor Lindelöf,DEF,Man Utd,1,1.3609706734306135,4.5,10
150,Manuel Akanji,DEF,Man City,0,1.3168538634322526,5.0,10
151,Joe Worrall,DEF,Nott'm Forest,0,1.278629365645171,4.5,10
152,Ashley Young,DEF,Everton,0,1.2701356102711951,4.4,10
153,Emerson Palmieri dos Santos,DEF,West Ham,0,1.2102670628768972,4.5,10
154,Nayef Aguerd,DEF,West Ham,2,1.208306416619176,4.5,10
155,Serge Aurier,DEF,Nott'm Forest,1,1.1888993926548492,4.5,10
156,Nélson Cabral Semedo,DEF,Wolves,1,1.1779218078630729,4.5,10
157,Diego Carlos Santos Silva,DEF,Aston Villa,1,1.1625367408654228,4.4,10
158,Olu Aina,DEF,Nott'm Forest,1,1.134423662858186,4.5,10
159,Jack Robinson,DEF,Sheffield Utd,0,1.1298294137887002,4.4,10
160,Axel Disasi,DEF,Chelsea,2,1.1239243912790609,5.1,10
161,Malo Gusto,DEF,Chelsea,0,1.121122066190452,4.2,10
162,Marc Guéhi,DEF,Crystal Palace,1,1.105487042213024,4.5,10
163,Adam Smith,DEF,Bournemouth,1,1.0840474883019016,4.4,10
164,Emerson Leite de Souza Junior,DEF,Spurs,1,1.0784516223463787,4.4,10
165,Harry Toffolo,DEF,Nott'm Forest,1,1.0307961059156452,4.4,10
166,Jonny Evans,DEF,Man Utd,1,1.0199836453712017,4.0,10
167,Gonzalo Montiel,DEF,Nott'm Forest,0,1.0145438999224614,4.5,10
168,Victor da Silva,DEF,Burnley,1,1.006168339716398,4.4,10
169,Luke Thomas,DEF,Sheffield Utd,0,0.995849845696092,4.0,10
170,Michael Keane,DEF,Everton,0,0.985764616413756,4.3,10
171,Reece James,DEF,Chelsea,1,0.9634174917108232,5.3,10
172,Levi Colwill,DEF,Chelsea,1,0.9515910260479666,4.6,10
173,Willy Boly,DEF,Nott'm Forest,1,0.9171182611348742,4.5,10
174,Rico Lewis,DEF,Man City,0,0.90141968650513,4.3,10
175,Alfie Doughty,DEF,Luton,0,0.8956876899535822,4.4,10
176,Nathaniel Clyne,DEF,Crystal Palace,1,0.8942970789222491,4.4,10
177,Tino Livramento,DEF,Newcastle,0,0.8915698399973332,4.4,10
178,Teden Mengi,DEF,Luton,1,0.8865772495109766,3.9,10
179,Craig Dawson,DEF,Wolves,1,0.8744943367321032,4.5,10
180,Marcos Senesi,DEF,Bournemouth,0,0.865822960940743,4.4,10
181,Reece Burke,DEF,Luton,0,0.8100677108786519,4.0,10
182,Dan Burn,DEF,Newcastle,0,0.7808228923077564,4.7,10
183,Connor Roberts,DEF,Burnley,0,0.7763539978565064,4.4,10
184,Chris Richards,DEF,Crystal Palace,0,0.7445909821199276,3.9,10
185,Issa Diop,DEF,Fulham,0,0.6684239579510134,4.5,10
186,Adam Webster,DEF,Brighton,2,0.649604892476852,4.3,10
187,Hannes Delcroix,DEF,Burnley,0,0.6460495086443064,4.0,10
188,Jakub Kiwior,DEF,Arsenal,6,0.6234620124690674,4.3,10
189,George Baldock,DEF,Sheffield Utd,0,0.608910581195824,3.9,10
190,Joel Ward,DEF,Crystal Palace,-1,0.6052661064205496,4.5,10
191,Ben Davies,DEF,Spurs,1,0.5620054841620511,4.3,10
192,Jayden Bogle,DEF,Sheffield Utd,0,0.5362941173246735,4.5,10
193,Neco Williams,DEF,Nott'm Forest,1,0.5150350704423149,4.3,10
194,Raphaël Varane,DEF,Man Utd,0,0.5139361183818322,5.0,10
195,Sergio Reguilón,DEF,Man Utd,1,0.5080187445504141,4.4,10
196,Matt Targett,DEF,Newcastle,0,0.4689791640411478,4.3,10
197,Chris Basham,DEF,Sheffield Utd,0,0.465713709400442,4.0,10
198,Jonathan Castro Otto,DEF,Wolves,0,0.446538242527052,4.4,10
199,Mads Juel Andersen,DEF,Luton,0,0.4376312311670818,4.0,10
200,Hugo Bueno López,DEF,Wolves,0,0.4051045960214757,4.4,10
201,Ben Chilwell,DEF,Chelsea,0,0.4037580454279006,5.4,10
202,Lisandro Martínez,DEF,Man Utd,0,0.3988402998858939,4.7,10
203,Yasser Larouci,DEF,Sheffield Utd,0,0.3958845938825966,4.4,10
204,Felipe Augusto de Almeida Monteiro,DEF,Nott'm Forest,0,0.3836623045583858,4.4,10
205,Destiny Udogie,DEF,Spurs,0,0.379761214297529,4.9,10
206,Moussa Niakhaté,DEF,Nott'm Forest,1,0.374311149458227,4.5,10
207,Anel Ahmedhodžić,DEF,Sheffield Utd,0,0.3657439947218938,4.3,10
208,Ivan Perišić,DEF,Spurs,0,0.3497016722495694,4.8,10
209,John Egan,DEF,Sheffield Utd,0,0.3111044602188284,4.4,10
210,Ameen Al-Dakhil,DEF,Burnley,0,0.2922536011220774,4.0,10
211,Gabriel Osho,DEF,Luton,0,0.2561360158341722,4.4,10
212,Luke Shaw,DEF,Man Utd,0,0.2509375694818722,5.2,10
213,Sergio Gómez,DEF,Man City,0,0.2466374093003506,3.9,10
214,Benoît Badiashile,DEF,Chelsea,0,0.2281394728012527,4.4,10
215,Santiago Bueno,DEF,Wolves,0,0.227706587897178,4.5,10
216,Konstantinos Mavropanos,DEF,West Ham,0,0.2193440622158798,4.5,10
217,Scott McKenna,DEF,Nott'm Forest,0,0.2052841545363515,4.5,10
218,Andrew Omobamidele,DEF,Nott'm Forest,0,0.198266623054911,4.5,10
219,Jarell Quansah,DEF,Liverpool,0,0.1919000814906173,4.0,10
220,Rob Holding,DEF,Crystal Palace,0,0.1870200910072916,4.4,10
221,Aaron Wan-Bissaka,DEF,Man Utd,0,0.1764905975913079,4.4,10
222,Lewis Hall,DEF,Newcastle,0,0.1653302007406427,4.4,10
223,Ryan Giles,DEF,Luton,1,0.1592146125487328,4.4,10
224,Jordan Beyer,DEF,Burnley,0,0.1540493956794313,4.0,10
225,Ben Johnson,DEF,West Ham,0,0.1513393770055993,4.4,10
226,Angelo Ogbonna,DEF,West Ham,0,0.1392114348513977,4.4,10
227,Thilo Kehrer,DEF,West Ham,0,0.1388125108727659,4.3,10
228,Fodé Ballo-Touré,DEF,Fulham,0,0.1383769365778403,4.5,10
229,Kenny Tete,DEF,Fulham,0,0.1339099418822161,4.4,10
230,Tyrone Mings,DEF,Aston Villa,0,0.1322615807439467,4.2,10
231,Nuno Varela Tavares,DEF,Nott'm Forest,0,0.1288783538056081,4.0,10
232,Aaron Cresswell,DEF,West Ham,2,0.1243312037910363,4.2,10
233,Rico Henry,DEF,Brentford,0,0.1203400425752307,4.4,10
234,Cédric Alves Soares,DEF,Arsenal,0,0.1112334814305875,3.9,10
235,Eric Dier,DEF,Spurs,0,0.100225007724864,4.2,10
236,Max Lowe,DEF,Sheffield Utd,0,0.0909974023798903,4.4,10
237,Chris Mepham,DEF,Bournemouth,2,0.090040980070755,4.3,10
238,Emil Krafth,DEF,Newcastle,0,0.0879466054735014,4.4,10
239,Femi Seriki,DEF,Sheffield Utd,0,0.0860712258151188,4.0,10
240,Alexandre Moreno Lopera,DEF,Aston Villa,0,0.0809724160065484,5.0,10
241,Luke Chambers,DEF,Liverpool,0,0.0803339751402956,4.0,10
242,Aymeric Laporte,DEF,Man City,0,0.0762371856279251,4.9,10
243,Josh Brooking,DEF,Chelsea,0,0.0754907459179917,4.0,10
244,Callum Scanlon,DEF,Liverpool,0,0.0685949566882669,4.0,10
245,James Tomkins,DEF,Crystal Palace,0,0.0634980094804669,4.0,10
246,Clément Lenglet,DEF,Aston Villa,0,0.0620069322304841,4.5,10
247,Ben Greenwood,DEF,Bournemouth,0,0.0597075684851689,4.0,10
248,Ji-Soo Kim,DEF,Brentford,0,0.0596687166769631,4.0,10
249,Ben Godfrey,DEF,Everton,0,0.0593568198778006,4.3,10
250,Malang Sarr,DEF,Chelsea,0,0.0582425874074145,4.4,10
251,Mathias Jorgensen,DEF,Brentford,0,0.056438421724093,4.4,10
252,Ryan Fredericks,DEF,Bournemouth,0,0.0550493806131667,4.4,10
253,Alex Murphy,DEF,Newcastle,0,0.0523948939548456,3.9,10
254,James Hill,DEF,Bournemouth,0,0.0510849670567909,4.0,10
255,Rhys Norrington-Davies,DEF,Sheffield Utd,0,0.0497218096800243,3.9,10
256,Javier Manquillo Gaitán,DEF,Newcastle,0,0.0483010943342665,4.0,10
257,Luc De Fougerolles,DEF,Fulham,0,0.0479021703556347,4.0,10
258,Tosin Adarabioyo,DEF,Fulham,0,0.0465873655511491,4.3,10
259,Ashley Phillips,DEF,Spurs,0,0.045987929972799,4.0,10
260,CJ Egan-Riley,DEF,Burnley,0,0.0412535181968038,3.9,10
261,Paul Dummett,DEF,Newcastle,0,0.0395899560867267,3.9,10
262,João Cancelo,DEF,Man City,0,0.0394942380770967,5.8,10
263,Ben Mee,DEF,Brentford,0,0.0366388448036632,4.8,10
264,Kortney Hause,DEF,Aston Villa,0,0.0355346480164625,4.0,10
265,Calum Chambers,DEF,Aston Villa,0,0.0350730365740085,3.9,10
266,Nathaniel Phillips,DEF,Liverpool,0,0.0341821871182363,4.0,10
267,Jili Buyabu,DEF,Sheffield Utd,0,0.0336180100799439,4.0,10
268,Joseph Johnson,DEF,Luton,0,0.0327265426264615,4.0,10
269,Davinson Sánchez,DEF,Spurs,0,0.0312816799866925,4.4,10
270,Bendegúz Bolla,DEF,Wolves,0,0.0296731319472528,4.0,10
271,Seamus Coleman,DEF,Everton,0,0.0288742755911958,4.4,10
272,Jurriën Timber,DEF,Arsenal,0,0.0282592968080269,4.6,10
273,Kieran Tierney,DEF,Arsenal,0,0.0273527137638037,4.4,10
274,Alfie Gilchrist,DEF,Chelsea,0,0.0270876757033176,4.0,10
275,Sepp van den Berg,DEF,Liverpool,0,0.0264799251530051,4.0,10
276,Ki-Jana Hoever,DEF,Wolves,0,0.0264799251530051,4.0,10
277,Michał Karbownik,DEF,Brighton,0,0.0264799251530051,4.0,10
278,Jake O'Brien,DEF,Crystal Palace,0,0.024469653536081,4.0,10
279,Trevoh Chalobah,DEF,Chelsea,0,0.0233882000945593,4.3,10
280,Josh Powell,DEF,Nott'm Forest,0,0.0225573461627652,4.0,10
281,Wesley Fofana,DEF,Chelsea,0,0.0201949933003116,4.4,10
282,Tyrell Malacia,DEF,Man Utd,0,0.0199144125667531,4.3,10
283,César Azpilicueta,DEF,Chelsea,0,0.0194502829523978,4.5,10
284,Alex Telles,DEF,Man Utd,0,0.0191697022188393,4.5,10
285,Álvaro Fernández Carreras,DEF,Man Utd,0,0.0190059936598918,4.0,10
286,Eric Bailly,DEF,Man Utd,0,0.0190059936598918,4.0,10
287,Brandon Williams,DEF,Man Utd,0,0.0190059936598918,4.0,10
288,Steve Cook,DEF,Nott'm Forest,0,0.0167788452361915,4.5,10
289,Omar Richards,DEF,Nott'm Forest,0,0.0167788452361915,4.4,10
290,Bashir Humphreys,DEF,Chelsea,0,0.0160933675992026,4.0,10
291,Ethan Ampadu,DEF,Chelsea,0,0.0160933675992026,4.0,10
292,Richie Laryea,DEF,Nott'm Forest,0,0.0160341348882777,4.5,10
293,Jonathan Panzo,DEF,Nott'm Forest,0,0.0158704263293302,4.0,10
294,Loïc Mbe Soh,DEF,Nott'm Forest,0,0.0158704263293302,4.0,10
295,Mohamed Dräger,DEF,Nott'm Forest,0,0.0158704263293302,4.0,10
296,Abdul Rahman Baba,DEF,Chelsea,0,0.0153486572512888,4.0,10
297,Djed Spence,DEF,Spurs,0,0.015196402357683,4.0,10
298,Japhet Tanganga,DEF,Spurs,0,0.015196402357683,4.0,10
299,Joe Rodon,DEF,Spurs,0,0.015196402357683,4.0,10
300,Kevin Mbabu,DEF,Fulham,0,0.015196402357683,4.0,10
301,Kell Watts,DEF,Newcastle,0,0.015196402357683,4.0,10
302,Terence Kongolo,DEF,Fulham,0,0.015196402357683,4.0,10
303,Hjalmar Ekdal,DEF,Burnley,0,0.0113359478239764,3.9,10
304,Ryan Sessegnon,DEF,Spurs,0,0.010851055745647,4.4,10
305,Mads Bech Sørensen,DEF,Brentford,0,0.0106873471866995,4.0,10
306,Mason Holgate,DEF,Everton,0,0.0106873471866995,4.0,10
307,Aidan Francis-Clarke,DEF,Luton,0,0.0105200268910584,4.0,10
308,Giulian Biancone,DEF,Nott'm Forest,0,0.0100335669661389,3.9,10
309,Harrison Ashby,DEF,Newcastle,0,0.0074941403924518,4.0,10
310,Dan Potts,DEF,Luton,0,0.007131663974201,3.9,10
311,Jamal Lewis,DEF,Newcastle,0,0.006749430044538,4.0,10
312,Issa Kaboré,DEF,Luton,0,0.0046140350664722,4.0,10
313,Charlie Goode,DEF,Brentford,0,0.0041057774755943,3.9,10
314,Bobby Thomas,DEF,Burnley,0,0.0034627524741947,4.0,10
315,Luke McNally,DEF,Burnley,0,0.0034627524741947,4.0,10
316,Owen Dodgson,DEF,Burnley,0,0.0034627524741947,4.0,10
317,Amari'i Bell,DEF,Luton,0,-0.0178808450457718,3.9,10
318,Tariq Lamptey,DEF,Brighton,0,-0.0615282715327627,4.0,10
319,Auston Trusty,DEF,Sheffield Utd,0,-0.0644536361266474,3.9,10
320,Sven Botman,DEF,Newcastle,0,-0.125139362156147,4.7,10
321,Pervis Estupiñán,DEF,Brighton,0,-0.4888495241433642,5.0,10
322,Moussa Diaby,MID,Aston Villa,13,10.677684159999712,6.7,10
323,Bryan Mbeumo,MID,Brentford,13,10.445033436692611,6.7,10
324,Dominik Szoboszlai,MID,Liverpool,12,9.414757008094398,7.0,10
325,Son Heung-min,MID,Spurs,10,8.913372097730077,9.5,10
326,Mohamed Salah,MID,Liverpool,8,8.456875561042626,12.8,10
327,Douglas Luiz Soares de Paulo,MID,Aston Villa,7,6.884241827219771,5.5,10
328,John McGinn,MID,Aston Villa,8,6.806630106062752,5.5,10
329,Hwang Hee-chan,MID,Wolves,7,6.6177562085064325,5.4,10
330,Kaoru Mitoma,MID,Brighton,2,6.03276564313499,6.5,10
331,Philip Billing,MID,Bournemouth,8,5.699556154440714,5.2,10
332,Phil Foden,MID,Man City,7,5.54425813340492,7.6,10
333,James Maddison,MID,Spurs,6,4.870720217722273,8.1,10
334,Diogo Teixeira da Silva,MID,Liverpool,6,4.789798236120153,7.7,10
335,Pedro Lomba Neto,MID,Wolves,5,4.446692151001197,5.8,10
336,Dejan Kulusevski,MID,Spurs,3,4.352068687641556,7.0,10
337,Rodrigo Hernandez,MID,Man City,6,4.34819512899088,5.6,10
338,Cole Palmer,MID,Chelsea,2,4.276479016071942,5.0,10
339,Pascal Groß,MID,Brighton,6,4.156172468947554,6.3,10
340,Declan Rice,MID,Arsenal,6,3.91488603469364,5.4,10
341,Bukayo Saka,MID,Arsenal,6,3.8546479410954166,8.6,10
342,Conor Gallagher,MID,Chelsea,2,3.61852102107442,5.4,10
343,James Garner,MID,Everton,3,3.6070535874179774,4.9,10
344,Gabriel Martinelli Silva,MID,Arsenal,3,3.5265999993340977,7.7,10
345,Richarlison de Andrade,MID,Spurs,3,3.452019012611306,6.7,10
346,João Palhinha Gonçalves,MID,Fulham,10,3.3853850177670495,5.0,10
347,Raheem Sterling,MID,Chelsea,2,3.3699881812806227,7.0,10
348,Mohammed Kudus,MID,West Ham,1,3.3200856133319143,6.5,10
349,Abdoulaye Doucouré,MID,Everton,3,3.2723892462359516,5.5,10
350,Alexis Mac Allister,MID,Liverpool,2,3.186239284516384,5.9,10
351,Anthony Elanga,MID,Nott'm Forest,2,3.0018175075039943,5.0,10
352,Simon Adingra,MID,Brighton,2,2.977950409421539,5.0,10
353,Mathias Jensen,MID,Brentford,3,2.9631098897414083,5.5,10
354,James McAtee,MID,Sheffield Utd,2,2.90782681868854,4.4,10
355,Bernardo Veiga de Carvalho e Silva,MID,Man City,7,2.81409362812518,6.3,10
356,David Brooks,MID,Bournemouth,0,2.7040997927840205,4.9,10
357,Mario Lemina,MID,Wolves,9,2.6081195270584954,4.9,10
358,James Ward-Prowse,MID,West Ham,2,2.588915224646551,6.3,10
359,Dwight McNeil,MID,Everton,3,2.579945436934276,5.4,10
360,João Victor Gomes da Silva,MID,Wolves,1,2.5709206013557453,4.9,10
361,Jérémy Doku,MID,Man City,1,2.5538431509366935,6.5,10
362,Anssumane Fati Vieira,MID,Brighton,1,2.512813489174682,6.5,10
363,Orel Mangala,MID,Nott'm Forest,1,2.4977623460415574,5.0,10
364,Jarrod Bowen,MID,West Ham,2,2.4929677196867286,7.4,10
365,Marcus Tavernier,MID,Bournemouth,2,2.474698853821539,5.4,10
366,Vitaly Janelt,MID,Brentford,3,2.462696221021603,5.4,10
367,Christian Nørgaard,MID,Brentford,2,2.4405877236008404,5.5,10
368,Edson Álvarez Velázquez,MID,West Ham,1,2.4404945170170067,5.0,10
369,Amadou Onana,MID,Everton,3,2.4292624853029103,4.8,10
370,Leandro Trossard,MID,Arsenal,1,2.377550779989217,6.5,10
371,Jack Harrison,MID,Everton,6,2.328569488737427,5.5,10
372,Lucas Tolentino Coelho de Lima,MID,West Ham,1,2.2809402990742864,6.0,10
373,Willian Borges da Silva,MID,Fulham,2,2.273722616337863,5.3,10
374,Jack Grealish,MID,Man City,3,2.240881954322554,7.3,10
375,Carlos Baleba,MID,Brighton,2,2.187818276513497,4.5,10
376,Boubacar Kamara,MID,Aston Villa,2,2.137137500026578,5.0,10
377,Dango Ouattara,MID,Bournemouth,0,2.1193793391186864,4.8,10
378,Will Hughes,MID,Crystal Palace,2,2.1159081704966427,4.9,10
379,Kai Havertz,MID,Arsenal,3,2.108465637315707,7.1,10
380,Tahith Chong,MID,Luton,1,2.0942425981358324,4.9,10
381,Sean Longstaff,MID,Newcastle,1,2.0817379148729596,4.9,10
382,Christian Eriksen,MID,Man Utd,2,2.0798111974224107,5.9,10
383,Oliver Norwood,MID,Sheffield Utd,1,2.070794904637463,4.8,10
384,Sander Berge,MID,Burnley,1,2.042202390332781,4.8,10
385,Bobby De Cordova-Reid,MID,Fulham,1,2.023498478614501,5.5,10
386,Luca Koleosho,MID,Burnley,2,2.020457224957361,5.0,10
387,Pape Matar Sarr,MID,Spurs,2,2.019890796762972,4.6,10
388,Pelly Ruddock Mpanzu,MID,Luton,1,2.0170655711792604,4.8,10
389,Emile Smith Rowe,MID,Arsenal,6,1.9861680869662823,5.3,10
390,Marcus Rashford,MID,Man Utd,2,1.897702161513451,8.7,10
391,Ryan Christie,MID,Bournemouth,2,1.8803041213543592,5.0,10
392,Morgan Gibbs-White,MID,Nott'm Forest,2,1.865253443774421,5.8,10
393,Jorge Luiz Frello Filho,MID,Arsenal,0,1.8632783202454184,5.3,10
394,Moisés Caicedo Corozo,MID,Chelsea,1,1.8625716950028728,4.7,10
395,Gustavo Hamer,MID,Sheffield Utd,2,1.85992679753064,5.0,10
396,Nicolás Domínguez,MID,Nott'm Forest,1,1.8508993844984816,5.0,10
397,Andreas Hoelgebaum Pereira,MID,Fulham,1,1.8396514699278672,5.5,10
398,Miguel Almirón Rejala,MID,Newcastle,2,1.826194637283478,6.4,10
399,Josh Brownhill,MID,Burnley,2,1.818330178183216,4.8,10
400,Alex Iwobi,MID,Fulham,2,1.813667419685284,5.4,10
401,Ibrahim Sangaré,MID,Nott'm Forest,1,1.7973621737581984,5.0,10
402,Sofyan Amrabat,MID,Man Utd,0,1.7939705498909309,5.0,10
403,Bruno Borges Fernandes,MID,Man Utd,1,1.7267344240859082,8.3,10
404,Carlos Henrique Casimiro,MID,Man Utd,0,1.7231289888838368,5.4,10
405,Enzo Fernández,MID,Chelsea,0,1.6928769075388437,4.9,10
406,Frank Onyeka,MID,Brentford,0,1.684243287498459,4.9,10
407,Billy Gilmour,MID,Brighton,1,1.672968567835304,4.9,10
408,Nicolò Zaniolo,MID,Aston Villa,0,1.6721505672086563,5.5,10
409,Ryan Gravenberch,MID,Liverpool,1,1.6677801627738942,5.0,10
410,James Milner,MID,Brighton,0,1.659199254440507,4.8,10
411,Youri Tielemans,MID,Aston Villa,1,1.6403710321057976,5.7,10
412,Elliot Anderson,MID,Newcastle,0,1.592240884807696,4.4,10
413,Harry Wilson,MID,Fulham,3,1.5811770476172555,5.3,10
414,Boubacar Traoré,MID,Wolves,1,1.5654188737830304,4.4,10
415,Luis Díaz,MID,Liverpool,0,1.564500126339846,7.5,10
416,Anthony Gordon,MID,Newcastle,2,1.548263709154324,5.7,10
417,Tom Cairney,MID,Fulham,1,1.5238011088512164,4.9,10
418,Pierre-Emile Højbjerg,MID,Spurs,1,1.493731208458993,5.2,10
419,Luis Sinisterra,MID,Bournemouth,0,1.4782101332806976,5.5,10
420,Cheick Doucouré,MID,Crystal Palace,2,1.4558500928491374,5.0,10
421,Joelinton Cássio Apolinário de Lira,MID,Newcastle,2,1.4556696957107167,5.8,10
422,Jacob Murphy,MID,Newcastle,0,1.4418530095809452,4.8,10
423,Jeffrey Schlupp,MID,Crystal Palace,1,1.4400692731112006,4.9,10
424,Leon Bailey,MID,Aston Villa,4,1.4383288321177887,5.5,10
425,Sandro Tonali,MID,Newcastle,0,1.4301341331073552,5.3,10
426,Vini de Souza Costa,MID,Sheffield Utd,2,1.423631293627155,5.0,10
427,Jordan Ayew,MID,Crystal Palace,6,1.4048221981062006,5.4,10
428,Marvelous Nakamba,MID,Luton,2,1.398327494844955,4.4,10
429,Bruno Guimarães Rodriguez Moura,MID,Newcastle,2,1.3960020809971287,5.8,10
430,Harvey Elliott,MID,Liverpool,1,1.3690758197870732,4.8,10
431,Arnaut Danjuma Groeneveld,MID,Everton,0,1.3669990242871537,5.4,10
432,Antony Matheus dos Santos,MID,Man Utd,0,1.3531493451064749,6.8,10
433,Jefferson Lerma Solís,MID,Crystal Palace,2,1.3448558427025794,4.7,10
434,Jacob Bruun Larsen,MID,Burnley,1,1.3410607753805854,4.9,10
435,Wilson Odobert,MID,Burnley,0,1.3370134338379764,5.0,10
436,Martin Ødegaard,MID,Arsenal,0,1.3290322945505626,8.5,10
437,Saïd Benrahma,MID,West Ham,0,1.3257483623337858,5.7,10
438,Mike Trésor,MID,Burnley,1,1.323098415940266,5.5,10
439,Alex Scott,MID,Bournemouth,2,1.31174963067008,4.9,10
440,Yves Bissouma,MID,Spurs,3,1.2758069343397265,5.0,10
441,Scott McTominay,MID,Man Utd,2,1.2727668903970653,4.8,10
442,Joe Rothwell,MID,Bournemouth,1,1.267486408442654,4.9,10
443,Mason Mount,MID,Man Utd,1,1.230759668350737,6.8,10
444,Lewis Cook,MID,Bournemouth,0,1.2077379357127602,5.0,10
445,Saša Lukić,MID,Fulham,1,1.2058167592667444,4.4,10
446,Jesurun Rak-Sakyi,MID,Crystal Palace,1,1.1750718850737754,4.5,10
447,Aaron Ramsey,MID,Burnley,0,1.1454805112425233,5.0,10
448,Brennan Johnson,MID,Spurs,3,1.1422290677893083,5.8,10
449,Oliver Skipp,MID,Spurs,0,1.1309334854440254,4.6,10
450,Pablo Sarabia,MID,Wolves,0,1.1228209808483631,4.8,10
451,Mykhailo Mudryk,MID,Chelsea,0,1.1168986702806123,6.3,10
452,Thomas Partey,MID,Arsenal,0,1.1140506044080187,4.8,10
453,Alejandro Garnacho,MID,Man Utd,1,1.061654365178781,4.7,10
454,Callum Hudson-Odoi,MID,Nott'm Forest,0,1.0589706483006396,4.9,10
455,Solly March,MID,Brighton,0,1.0444616268515587,6.3,10
456,Andros Townsend,MID,Luton,1,1.0230893200361286,5.0,10
457,Josh Cullen,MID,Burnley,0,1.00070849458816,5.0,10
458,Harrison Reed,MID,Fulham,1,0.9855164392959728,4.8,10
459,Ross Barkley,MID,Luton,2,0.9624752567155545,4.9,10
460,Jairo Riedewald,MID,Crystal Palace,0,0.9156183882822392,4.4,10
461,Mateo Kovačić,MID,Man City,1,0.9150195393154712,4.9,10
462,Matheus França de Oliveira,MID,Crystal Palace,1,0.8997253514609571,4.9,10
463,Luke Berry,MID,Luton,0,0.8847903423062012,4.7,10
464,Tomáš Souček,MID,West Ham,1,0.8701929227701466,4.9,10
465,Ryan Yates,MID,Nott'm Forest,1,0.8651702961415892,4.9,10
466,Pablo Fornals Malla,MID,West Ham,0,0.8143791724658814,4.7,10
467,Tommy Doyle,MID,Wolves,1,0.8096831886069693,4.4,10
468,Matheus Luiz Nunes,MID,Man City,0,0.7790757297709224,5.0,10
469,Manor Solomon,MID,Spurs,0,0.7773986137138237,5.2,10
470,Yegor Yarmolyuk,MID,Brentford,1,0.7753114907807843,4.4,10
471,Saman Ghoddos,MID,Brentford,0,0.7656775042078505,4.5,10
472,Nathan Redmond,MID,Burnley,1,0.7394329556016247,4.8,10
473,Ian Maatsen,MID,Chelsea,1,0.7377587549461285,5.2,10
474,Jean-Ricner Bellegarde,MID,Wolves,0,0.6749140173513256,5.0,10
475,Giovani Lo Celso,MID,Spurs,0,0.6630072409603756,4.8,10
476,Cheikhou Kouyaté,MID,Nott'm Forest,0,0.6569677245932999,4.8,10
477,Fábio Ferreira Vieira,MID,Arsenal,6,0.6566490892362163,5.4,10
478,Kevin De Bruyne,MID,Man City,0,0.6553946045406094,10.2,10
479,Ben Osborn,MID,Sheffield Utd,0,0.6466725667406189,4.8,10
480,Noni Madueke,MID,Chelsea,2,0.5990766404107023,5.3,10
481,Jacob Ramsey,MID,Aston Villa,0,0.5321245446459674,5.9,10
482,Eberechi Eze,MID,Crystal Palace,0,0.5285328068575635,6.1,10
483,David Ozoh,MID,Crystal Palace,0,0.4786674514985741,4.5,10
484,Michael Olakigbe,MID,Brentford,0,0.4631868454954146,4.5,10
485,Jack Hinshelwood,MID,Brighton,0,0.4567609508471966,4.5,10
486,Leander Dendoncker,MID,Aston Villa,1,0.4171224084291769,4.9,10
487,Lesley Ugochukwu,MID,Chelsea,1,0.4130139911956881,4.4,10
488,Kalvin Phillips,MID,Man City,0,0.3852051783261845,4.8,10
489,Kevin Schade,MID,Brentford,0,0.3810233981305766,5.3,10
490,Reiss Nelson,MID,Arsenal,1,0.3659629493195787,4.9,10
491,Facundo Buonanotte,MID,Brighton,1,0.3648965822204541,4.8,10
492,Curtis Jones,MID,Liverpool,0,0.3428103092300304,4.9,10
493,Justin Kluivert,MID,Bournemouth,0,0.3420727904514077,4.7,10
494,Idrissa Gueye,MID,Everton,0,0.3306226323055077,4.8,10
495,Mikkel Damsgaard,MID,Brentford,0,0.3271958672837609,4.9,10
496,Mahmoud Dahoud,MID,Brighton,2,0.3044118339378684,4.8,10
497,Facundo Pellistri Rebollo,MID,Man Utd,0,0.2962579837087127,4.4,10
498,Michael Olise,MID,Crystal Palace,0,0.2901272764903829,5.8,10
499,Donny van de Beek,MID,Man Utd,0,0.2861006127956816,4.8,10
500,Julio Enciso,MID,Brighton,0,0.2677126393993663,5.1,10
501,Bertrand Traoré,MID,Aston Villa,1,0.2630396310903326,5.0,10
502,Hannibal Mejbri,MID,Man Utd,0,0.254591230466007,4.4,10
503,Oscar Bobb,MID,Man City,0,0.2506036465986516,4.4,10
504,Wataru Endo,MID,Liverpool,1,0.2408134414014976,5.4,10
505,Manuel Benson Hedilazio,MID,Burnley,0,0.2168409102620528,5.2,10
506,Jóhann Berg Gudmundsson,MID,Burnley,2,0.2005589414490414,4.8,10
507,Keane Lewis-Potter,MID,Brentford,0,0.1983658462672699,4.8,10
508,Anis Slimane,MID,Sheffield Utd,1,0.1910516749364592,4.7,10
509,Hamed Traorè,MID,Bournemouth,0,0.1902417291821604,4.8,10
510,Anass Zaroury,MID,Burnley,2,0.1841317606749078,4.8,10
511,Adam Lallana,MID,Brighton,1,0.1813176718708022,4.9,10
512,Tom Davies,MID,Sheffield Utd,0,0.1649579239614498,5.0,10
513,Shandon Baptiste,MID,Brentford,0,0.1541192869018222,4.3,10
514,Carney Chukwuemeka,MID,Chelsea,0,0.1473827921125789,4.3,10
515,Maxwel Cornet,MID,West Ham,0,0.1405298689778566,5.3,10
516,Enso González,MID,Wolves,0,0.1328884681126514,5.0,10
517,Albert Sambi Lokonga,MID,Luton,0,0.1322091282693303,4.9,10
518,Jadon Sancho,MID,Man Utd,0,0.1279673274017038,6.7,10
519,Danilo dos Santos de Oliveira,MID,Nott'm Forest,0,0.1260565141331518,5.3,10
520,Tyler Adams,MID,Bournemouth,0,0.1250238219203911,5.0,10
521,Alex Matos,MID,Chelsea,0,0.1140082576545847,4.5,10
522,Mohamed Elneny,MID,Arsenal,4,0.1128127436842599,4.4,10
523,Thiago Alcántara do Nascimento,MID,Liverpool,0,0.1090584763344449,4.8,10
524,Adama Traoré,MID,Fulham,0,0.1066149059162367,4.9,10
525,Naouirou Ahamada,MID,Crystal Palace,1,0.1065057427788291,4.3,10
526,Stefan Bajcetic,MID,Liverpool,0,0.1038774349887265,4.8,10
527,Lewis Dobbin,MID,Everton,0,0.1015928462719298,4.5,10
528,Emiliano Buendía Stati,MID,Aston Villa,0,0.0989334165273047,5.7,10
529,Luke Harris,MID,Fulham,0,0.0968938864004889,4.5,10
530,Bruno Cavaco Jordão,MID,Wolves,0,0.096400855386304,4.4,10
531,Ben Doak,MID,Liverpool,0,0.096400855386304,4.4,10
532,Conor Coventry,MID,West Ham,0,0.096400855386304,4.4,10
533,Jakub Moder,MID,Brighton,0,0.096400855386304,4.4,10
534,Gavin Kilkenny,MID,Bournemouth,0,0.096400855386304,4.4,10
535,Joe Hodge,MID,Wolves,0,0.096400855386304,4.4,10
536,Omari Kellyman,MID,Aston Villa,0,0.096400855386304,4.5,10
537,Roméo Lavia,MID,Chelsea,0,0.0869556531825033,4.9,10
538,Harry Arter,MID,Nott'm Forest,0,0.0862880178147639,4.4,10
539,Matt Ritchie,MID,Newcastle,0,0.0862880178147639,4.4,10
540,Enock Agyei,MID,Burnley,0,0.0862880178147639,4.4,10
541,Andrey Nascimento dos Santos,MID,Nott'm Forest,1,0.0862880178147639,4.4,10
542,André Tavares Gomes,MID,Everton,0,0.0862880178147639,4.4,10
543,Bobby Clark,MID,Liverpool,0,0.0852936110953422,4.5,10
544,Dele Alli,MID,Everton,0,0.0827009426715156,4.8,10
545,Rodrigo Bentancur,MID,Spurs,1,0.0827009426715156,5.4,10
546,Bryan Gil Salvatierra,MID,Spurs,1,0.0827009426715156,4.9,10
547,Malcolm Ebiowei,MID,Crystal Palace,0,0.0804734200773989,4.5,10
548,Emiliano Marcondes,MID,Bournemouth,0,0.0798893244225687,4.4,10
549,Jack Cork,MID,Burnley,0,0.0796999528206334,4.8,10
550,Jordan Clark,MID,Luton,0,0.0796999528206334,4.9,10
551,Matthew Dibley-Dias,MID,Fulham,0,0.0751807735238021,4.5,10
552,Mackenzie Hunt,MID,Everton,0,0.0751807735238021,4.5,10
553,Jaidon Anthony,MID,Bournemouth,0,0.0751132801206876,4.9,10
554,Lewis Miley,MID,Newcastle,0,0.0722260993606612,4.5,10
555,Josh Dasilva,MID,Brentford,0,0.0716182432240756,4.7,10
556,Harvey Barnes,MID,Newcastle,0,0.0712479365951713,6.2,10
557,Joe Willock,MID,Newcastle,1,0.0705764085790171,5.3,10
558,Tyrese Francois,MID,Fulham,0,0.0703605825058588,4.4,10
559,Darko Churlinov,MID,Burnley,0,0.0697764868510286,4.4,10
560,Ethan Brierley,MID,Brentford,0,0.0679002229863721,4.5,10
561,Tyler Onyango,MID,Everton,0,0.0679002229863721,4.5,10
562,James McConnell,MID,Liverpool,0,0.0659467525444292,4.5,10
563,Daniel Castelo Podence,MID,Wolves,0,0.0650083927281625,5.3,10
564,Gonçalo Manuel Ganchinho Guedes,MID,Wolves,0,0.0650083927281625,5.4,10
565,Philippe Coutinho Correia,MID,Aston Villa,0,0.0650083927281625,5.8,10
566,Hakim Ziyech,MID,Chelsea,0,0.0650083927281625,5.4,10
567,Ismaila Coulibaly,MID,Sheffield Utd,0,0.0635965712743002,4.4,10
568,Andre Brooks,MID,Sheffield Utd,0,0.0635965712743002,4.5,10
569,Han-Noah Massengo,MID,Burnley,0,0.0630763899190177,5.0,10
570,Tim Iroegbunam,MID,Aston Villa,0,0.0628207718686484,4.4,10
571,Kobbie Mainoo,MID,Man Utd,0,0.0569411779137143,4.4,10
572,Demarai Gray,MID,Everton,0,0.0548955551566224,5.3,10
573,Marcus Oliveira Alencar,MID,Arsenal,0,0.0544829154008784,4.5,10
574,Jadan Raymond,MID,Crystal Palace,0,0.0513385595099956,4.5,10
575,John Fleck,MID,Sheffield Utd,1,0.0483036094159013,4.9,10
576,Nicolas Pépé,MID,Arsenal,0,0.0452161634105331,4.9,10
577,Ângelo Gabriel Borges Damaceno,MID,Chelsea,0,0.0427587988285238,5.0,10
578,Christian Pulisic,MID,Chelsea,0,0.0427587988285238,5.5,10
579,Jamal Lowe,MID,Bournemouth,0,0.0427587988285238,4.9,10
580,Flynn Downes,MID,West Ham,0,0.0427587988285238,5.0,10
581,Steven Alzate,MID,Brighton,0,0.0380710271029224,4.4,10
582,Jaden Philogene-Bidace,MID,Aston Villa,0,0.0380710271029224,4.5,10
583,Sergi Canós Tenés,MID,Brentford,0,0.036488718450354,5.0,10
584,Jonjo Shelvey,MID,Nott'm Forest,0,0.036488718450354,4.8,10
585,Remo Freuler,MID,Nott'm Forest,0,0.036488718450354,4.9,10
586,Lewis O'Brien,MID,Nott'm Forest,0,0.036488718450354,4.9,10
587,Allan Campbell,MID,Luton,0,0.0334877285994718,4.9,10
588,Fred Onyedinma,MID,Luton,0,0.0334877285994718,5.0,10
589,Scott Twine,MID,Burnley,0,0.0334877285994718,4.9,10
590,Samuel Bastien,MID,Burnley,0,0.0334877285994718,4.9,10
591,Luke Freeman,MID,Luton,0,0.0334877285994718,4.9,10
592,Fabio Henrique Tavares,MID,Liverpool,0,0.0306342647360253,5.0,10
593,Jordan Henderson,MID,Liverpool,0,0.0306342647360253,5.0,10
594,Dion Pereira,MID,Luton,0,0.0279581895313823,4.4,10
595,Tanguy Ndombélé Alvaro,MID,Spurs,0,0.0279581895313823,4.4,10
596,Anthony Knockaert,MID,Fulham,0,0.0279581895313823,4.4,10
597,Louie Watson,MID,Luton,0,0.0279581895313823,4.4,10
598,Daniel Gore,MID,Man Utd,0,0.027806317346311,4.5,10
599,Amad Diallo,MID,Man Utd,0,0.027806317346311,4.4,10
600,Omari Forson,MID,Man Utd,0,0.027806317346311,4.4,10
601,Ivan Neves Abreu Cavaleiro,MID,Fulham,0,0.0243641843578555,5.0,10
602,Ryan Fraser,MID,Newcastle,0,0.0243641843578555,4.9,10
603,Allan Saint-Maximin,MID,Newcastle,0,0.0243641843578555,6.0,10
604,Jeff Hendrick,MID,Newcastle,0,0.0227771481856639,4.4,10
605,Alex Mighten,MID,Nott'm Forest,0,0.0227771481856639,4.4,10
606,Isaac Hayden,MID,Newcastle,0,0.0227771481856639,4.4,10
607,Glen Rea,MID,Luton,0,0.0227771481856639,4.4,10
608,Frederico Rodrigues de Paula Santos,MID,Man Utd,0,0.0192265566648392,5.0,10
609,Diego Manuel Jadon da Silva Moreira,MID,Chelsea,0,0.0158214332032838,4.5,10
610,Francisco Jorge Tomás Oliveira,MID,Wolves,0,0.0158214332032838,4.5,10
611,Jeremy Sarmiento Morante,MID,Brighton,0,0.0158214332032838,4.5,10
612,Nikola Vlašić,MID,West Ham,0,0.0158214332032838,4.5,10
613,Luke Cundle,MID,Wolves,0,0.0158214332032838,4.5,10
614,Morgan Sanson,MID,Aston Villa,0,0.0158214332032838,4.5,10
615,Kacper Kozłowski,MID,Brighton,0,0.0158214332032838,4.5,10
616,Yasin Ayari,MID,Brighton,0,0.0158214332032838,4.5,10
617,Siriki Dembélé,MID,Bournemouth,0,0.0158214332032838,4.5,10
618,Ben Pearson,MID,Bournemouth,0,0.0158214332032838,4.5,10
619,Riyad Mahrez,MID,Man City,0,0.0125244999644127,7.5,10
620,Josh Bowler,MID,Nott'm Forest,0,0.0095513528251139,4.5,10
621,Carlos Mendes Gomes,MID,Luton,0,0.0095513528251139,4.5,10
622,Shea Charles,MID,Man City,0,0.0095513528251139,4.5,10
623,Braian Ojeda Rodríguez,MID,Nott'm Forest,0,0.0095513528251139,4.5,10
624,Gustavo Henrique Furtado Scarpa,MID,Nott'm Forest,0,0.0095513528251139,4.5,10
625,Brandon Aguilera Zamora,MID,Nott'm Forest,0,0.0095513528251139,4.5,10
626,Jean-Philippe Gbamin,MID,Everton,0,0.0095513528251139,4.4,10
627,Ryan Trevitt,MID,Brentford,0,0.0095513528251139,4.5,10
628,Jayden Luker,MID,Luton,0,0.0095513528251139,4.5,10
629,Máximo Perrone,MID,Man City,0,0.0095513528251139,4.4,10
630,Dara Costelloe,MID,Burnley,0,0.0095513528251139,4.5,10
631,Mads Bidstrup,MID,Brentford,0,0.0095513528251139,4.5,10
632,Elliot Thorpe,MID,Luton,0,0.0095513528251139,4.5,10
633,Garang Kuol,MID,Newcastle,0,0.0095513528251139,4.5,10
634,Granit Xhaka,MID,Arsenal,0,0.0065546812129385,6.0,10
635,Ryan Oné,MID,Sheffield Utd,1,-0.0079590523696312,4.5,10
636,Erling Haaland,FWD,Man City,16,12.568754380713186,14.0,10
637,Eddie Nketiah,FWD,Arsenal,17,12.564488804625784,5.5,10
638,Callum Wilson,FWD,Newcastle,13,10.87702099191883,7.8,10
639,Darwin Núñez Ribeiro,FWD,Liverpool,10,8.480950275372123,7.4,10
640,Dominic Calvert-Lewin,FWD,Everton,9,7.266166554503452,5.8,10
641,Evan Ferguson,FWD,Brighton,8,6.883394355854476,6.0,10
642,Antoine Semenyo,FWD,Bournemouth,9,5.180802469618126,4.5,10
643,João Pedro Junqueira de Jesus,FWD,Brighton,1,5.163783087033081,5.3,10
644,Nicolas Jackson,FWD,Chelsea,2,5.03741875229268,6.9,10
645,Neal Maupay,FWD,Brentford,3,3.852412644070225,4.9,10
646,Dominic Solanke,FWD,Bournemouth,2,2.965216748194055,6.4,10
647,Odsonne Edouard,FWD,Crystal Palace,2,2.9634004072604285,5.5,10
648,Julián Álvarez,FWD,Man City,2,2.946367816679881,7.1,10
649,Ollie Watkins,FWD,Aston Villa,2,2.308986141965113,8.3,10
650,Alexander Isak,FWD,Newcastle,0,2.197326988387873,7.5,10
651,Chiedozie Ogbene,FWD,Luton,2,2.0197979063991887,4.9,10
652,Michail Antonio,FWD,West Ham,1,1.951574517713325,5.8,10
653,Rasmus Højlund,FWD,Man Utd,2,1.929381362288206,7.2,10
654,Matheus Santos Carneiro Da Cunha,FWD,Wolves,2,1.8553352358977069,5.5,10
655,Carlton Morris,FWD,Luton,2,1.8324796376388237,5.5,10
656,Jacob Brown,FWD,Luton,1,1.7726069434732017,4.9,10
657,Yoane Wissa,FWD,Brentford,2,1.6965903472159525,5.9,10
658,Rhian Brewster,FWD,Sheffield Utd,1,1.6615976323776234,4.9,10
659,Cameron Archer,FWD,Sheffield Utd,1,1.644712674197152,4.5,10
660,Anthony Martial,FWD,Man Utd,1,1.617236345335922,6.5,10
661,Elijah Adebayo,FWD,Luton,1,1.6136646403473047,4.8,10
662,Zeki Amdouni,FWD,Burnley,1,1.5405378418804934,5.4,10
663,Kieffer Moore,FWD,Bournemouth,0,1.42818946582362,4.7,10
664,Sasa Kalajdzic,FWD,Wolves,1,1.3430740829264605,4.9,10
665,Taiwo Awoniyi,FWD,Nott'm Forest,1,1.2808375181298757,6.5,10
666,Lyle Foster,FWD,Burnley,0,1.1641726449305658,5.0,10
667,Gabriel Fernando de Jesus,FWD,Arsenal,0,1.0599704472507052,7.9,10
668,Raúl Jiménez,FWD,Fulham,1,0.9447073944505252,5.3,10
669,Jean-Philippe Mateta,FWD,Crystal Palace,1,0.937755076650536,4.9,10
670,Carlos Vinícius Alves Morais,FWD,Fulham,0,0.8396296868679005,4.8,10
671,Danny Welbeck,FWD,Brighton,0,0.8388591544239126,5.8,10
672,Cauley Woodrow,FWD,Luton,0,0.8275873097549217,4.4,10
673,Cody Gakpo,FWD,Liverpool,1,0.7156159736521946,7.2,10
674,Jhon Durán,FWD,Aston Villa,0,0.6989044646997823,5.0,10
675,Norberto Bercique Gomes Betuncal,FWD,Everton,0,0.6497851331744772,5.9,10
676,Fábio Silva,FWD,Wolves,0,0.6033901870165562,5.3,10
677,Divock Origi,FWD,Nott'm Forest,0,0.5233610733652394,5.0,10
678,Alejo Véliz,FWD,Spurs,0,0.5207544549569345,5.4,10
679,Youssef Ramalho Chermiti,FWD,Everton,1,0.48313136772857,4.9,10
680,Chris Wood,FWD,Nott'm Forest,0,0.4743566100757669,4.9,10
681,Bénie Traoré,FWD,Sheffield Utd,0,0.4446903100191181,5.2,10
682,Danny Ings,FWD,West Ham,1,0.4438732204092054,5.7,10
683,Divin Mubama,FWD,West Ham,0,0.3451405828911077,4.3,10
684,Jay Rodriguez,FWD,Burnley,1,0.3035589009233922,5.3,10
685,Armando Broja,FWD,Chelsea,0,0.2753078757063912,4.9,10
686,Shola Shoretire,FWD,Man Utd,0,0.2477591443741885,4.4,10
687,Rodrigo Muniz Carvalho,FWD,Fulham,0,0.2343432373731593,4.4,10
688,Oliver McBurnie,FWD,Sheffield Utd,0,0.1833322029271873,5.4,10
689,Harry Kane,FWD,Spurs,0,0.1524781029040535,12.5,10
690,Joe Taylor,FWD,Luton,0,0.1503066263116216,4.5,10
691,Christopher Nkunku,FWD,Chelsea,0,0.1228587190067617,7.3,10
692,William Osula,FWD,Sheffield Utd,0,0.1011722258979868,4.3,10
693,Deivid Washington de Souza Eugênio,FWD,Chelsea,1,0.0805151033174448,4.5,10
694,Aribim Pepple,FWD,Luton,0,0.0755450276730857,4.5,10
695,Jamie Donley,FWD,Spurs,0,0.0620370010337283,4.5,10
696,Aleksandar Mitrović,FWD,Fulham,0,0.0357391829267497,7.4,10
697,Hwang Ui-jo,FWD,Nott'm Forest,0,0.0341680871106032,4.4,10
698,Andi Zeqiri,FWD,Brighton,0,0.0335360924081795,4.4,10
699,Wout Weghorst,FWD,Burnley,0,0.0274410547510563,5.5,10
700,Michael Obafemi,FWD,Burnley,0,0.0274410547510563,4.9,10
701,Daniel Jebbison,FWD,Sheffield Utd,0,0.0252548899286253,4.8,10
702,David Datro Fofana,FWD,Chelsea,0,0.0245518642291727,5.0,10
703,Pierre-Emerick Aubameyang,FWD,Chelsea,0,0.0245518642291727,6.5,10
704,Deniz Undav,FWD,Brighton,0,0.0245518642291727,5.5,10
705,Wesley Moraes Ferreira da Silva,FWD,Aston Villa,0,0.0245518642291727,5.0,10
706,Gianluca Scamacca,FWD,West Ham,0,0.0245518642291727,6.0,10
707,Iliman Ndiaye,FWD,Sheffield Utd,0,0.0245518642291727,5.5,10
708,Romelu Lukaku Bolingoli,FWD,Chelsea,0,0.013468831869148,6.8,10
709,Emmanuel Dennis,FWD,Nott'm Forest,0,0.013468831869148,4.8,10
710,Folarin Balogun,FWD,Arsenal,0,0.0131798589866101,4.4,10
711,Antwoine Hackford,FWD,Sheffield Utd,0,0.0116301373567046,4.5,10
712,Keinan Davis,FWD,Aston Villa,0,0.009549550401835,4.9,10
713,Mason Burstow,FWD,Chelsea,0,0.005937766070428,4.5,10
714,Nathan Fraser,FWD,Wolves,0,0.0048519405885616,4.5,10
715,Luke Plange,FWD,Crystal Palace,0,-0.0012432481634592,4.5,10
716,Jay Stansfield,FWD,Fulham,0,-0.0012432481634592,4.5,10
717,Aaron Connolly,FWD,Brighton,0,-0.0012432481634592,4.5,10
718,Ademola Ola-Adebomi,FWD,Crystal Palace,0,-0.0012432481634592,4.5,10
719,Halil Dervişoğlu,FWD,Brentford,0,-0.0012432481634592,4.5,10
720,Thomas Cannon,FWD,Everton,0,-0.0012432481634592,4.5,10
721,Louie Marsh,FWD,Sheffield Utd,0,-0.0012432481634592,4.5,10
722,John-Kymani Gordon,FWD,Crystal Palace,0,-0.0012432481634592,4.5,10
723,Ellis Simms,FWD,Everton,0,-0.0012432481634592,4.5,10
724,Ronnie Stutter,FWD,Chelsea,0,-0.0012432481634592,4.5,10
725,Ivan Toney,FWD,Brentford,0,-0.0040792226417105,7.9,10
726,Admiral Muskwe,FWD,Luton,0,-0.0154461821555672,4.5,10
727,Sam Surridge,FWD,Nott'm Forest,0,-0.0154461821555672,4.5,10
728,Dane Scarlett,FWD,Spurs,0,-0.0286320098226215,4.5,10
729,John McAtee,FWD,Luton,0,-0.0702094763079095,4.5,10
